{
  "model": "CEIA-UFG/Gemma-3-Gaia-PT-BR-4b-it",
  "strategy": "chain_of_thought",
  "dataset": "fakerecogna",
  "sample_size": 1000,
  "timestamp": "2026-01-24T03:29:17.671866",
  "metrics": {
    "accuracy": 0.677,
    "precision": 0.6363636363636364,
    "recall": 0.826,
    "f1_score": 0.7188859878154917,
    "precision_macro": 0.6942501942501942,
    "recall_macro": 0.677,
    "f1_macro": 0.6696662606527517,
    "invalid_predictions": 0,
    "invalid_rate": 0.0,
    "confusion_matrix": [
      [
        264,
        236
      ],
      [
        87,
        413
      ]
    ],
    "true_negatives": 264,
    "false_positives": 236,
    "false_negatives": 87,
    "true_positives": 413,
    "avg_inference_time": 3.8769989361763,
    "total_inference_time": 3876.9989361763,
    "vram_usage_gb": 2.0
  }
}