{
  "model": "CEIA-UFG/Gemma-3-Gaia-PT-BR-4b-it",
  "strategy": "zero_shot",
  "dataset": "fakebr",
  "sample_size": 1000,
  "timestamp": "2026-01-23T15:52:20.103248",
  "metrics": {
    "accuracy": 0.442,
    "precision": 0.3986013986013986,
    "recall": 0.228,
    "f1_score": 0.2900763358778626,
    "precision_macro": 0.42899257605139957,
    "recall_macro": 0.442,
    "f1_macro": 0.41521938704931016,
    "invalid_predictions": 2,
    "invalid_rate": 0.002,
    "confusion_matrix": [
      [
        328,
        172
      ],
      [
        386,
        114
      ]
    ],
    "true_negatives": 328,
    "false_positives": 172,
    "false_negatives": 386,
    "true_positives": 114,
    "avg_inference_time": 80.71051804423332,
    "total_inference_time": 80710.51804423332,
    "vram_usage_gb": 0.0
  }
}