{
  "model": "maritaca-ai/sabia-7b",
  "strategy": "few_shot",
  "dataset": "fakebr",
  "sample_size": 1000,
  "timestamp": "2026-01-24T20:20:59.387419",
  "metrics": {
    "accuracy": 0.505,
    "precision": 0.5308641975308642,
    "recall": 0.086,
    "f1_score": 0.14802065404475043,
    "precision_macro": 0.5167922728677172,
    "recall_macro": 0.505,
    "f1_macro": 0.39959172237121243,
    "invalid_predictions": 0,
    "invalid_rate": 0.0,
    "confusion_matrix": [
      [
        462,
        38
      ],
      [
        457,
        43
      ]
    ],
    "true_negatives": 462,
    "false_positives": 38,
    "false_negatives": 457,
    "true_positives": 43,
    "avg_inference_time": 3.295739350795746,
    "total_inference_time": 3295.739350795746,
    "vram_usage_gb": 2.0
  }
}