{
  "model": "meta-llama/Meta-Llama-3-8B-Instruct",
  "strategy": "zero_shot",
  "dataset": "fakerecogna",
  "sample_size": 1000,
  "timestamp": "2026-01-25T22:25:19.928650",
  "metrics": {
    "accuracy": 0.759,
    "precision": 0.9273927392739274,
    "recall": 0.562,
    "f1_score": 0.6998754669987547,
    "precision_macro": 0.8065945045006653,
    "recall_macro": 0.759,
    "f1_macro": 0.7492693959889345,
    "invalid_predictions": 0,
    "invalid_rate": 0.0,
    "confusion_matrix": [
      [
        478,
        22
      ],
      [
        219,
        281
      ]
    ],
    "true_negatives": 478,
    "false_positives": 22,
    "false_negatives": 219,
    "true_positives": 281,
    "avg_inference_time": 0.710725661277771,
    "total_inference_time": 710.725661277771,
    "vram_usage_gb": 2.0
  }
}