{
  "model": "meta-llama/Meta-Llama-3-8B-Instruct",
  "strategy": "chain_of_thought",
  "dataset": "fakerecogna",
  "sample_size": 1000,
  "timestamp": "2026-01-26T01:43:36.417284",
  "metrics": {
    "accuracy": 0.745,
    "precision": 0.7137870855148342,
    "recall": 0.818,
    "f1_score": 0.7623485554520038,
    "precision_macro": 0.7503361657082368,
    "recall_macro": 0.745,
    "f1_macro": 0.7436338246515682,
    "invalid_predictions": 0,
    "invalid_rate": 0.0,
    "confusion_matrix": [
      [
        336,
        164
      ],
      [
        91,
        409
      ]
    ],
    "true_negatives": 336,
    "false_positives": 164,
    "false_negatives": 91,
    "true_positives": 409,
    "avg_inference_time": 4.3945187859535215,
    "total_inference_time": 4394.518785953522,
    "vram_usage_gb": 2.0
  }
}