{
  "model": "meta-llama/Meta-Llama-3-8B-Instruct",
  "strategy": "zero_shot",
  "dataset": "fakebr",
  "sample_size": 1000,
  "timestamp": "2026-01-25T22:13:24.315749",
  "metrics": {
    "accuracy": 0.364,
    "precision": 0.04666666666666667,
    "recall": 0.014,
    "f1_score": 0.021538461538461538,
    "precision_macro": 0.23333333333333334,
    "recall_macro": 0.364,
    "f1_macro": 0.2752136752136752,
    "invalid_predictions": 0,
    "invalid_rate": 0.0,
    "confusion_matrix": [
      [
        357,
        143
      ],
      [
        493,
        7
      ]
    ],
    "true_negatives": 357,
    "false_positives": 143,
    "false_negatives": 493,
    "true_positives": 7,
    "avg_inference_time": 1.5260992670059204,
    "total_inference_time": 1526.0992670059204,
    "vram_usage_gb": 2.0
  }
}