{
  "model": "Qwen/Qwen2-7B-Instruct",
  "strategy": "chain_of_thought",
  "dataset": "fakerecogna",
  "sample_size": 1000,
  "timestamp": "2026-01-25T13:12:22.596680",
  "metrics": {
    "accuracy": 0.697,
    "precision": 0.6373779637377964,
    "recall": 0.914,
    "f1_score": 0.7510271158586689,
    "precision_macro": 0.7427172504201349,
    "recall_macro": 0.6970000000000001,
    "f1_macro": 0.6820269678910202,
    "invalid_predictions": 1,
    "invalid_rate": 0.001,
    "confusion_matrix": [
      [
        240,
        260
      ],
      [
        43,
        457
      ]
    ],
    "true_negatives": 240,
    "false_positives": 260,
    "false_negatives": 43,
    "true_positives": 457,
    "avg_inference_time": 3.2191781067848204,
    "total_inference_time": 3219.1781067848206,
    "vram_usage_gb": 2.0
  }
}