{
  "model": "Qwen/Qwen2-1.5B-Instruct",
  "strategy": "chain_of_thought",
  "dataset": "fakerecogna",
  "sample_size": 1000,
  "timestamp": "2026-01-22T10:23:15.353241",
  "metrics": {
    "accuracy": 0.48,
    "precision": 0.48579545454545453,
    "recall": 0.684,
    "f1_score": 0.5681063122923588,
    "precision_macro": 0.4760058353808354,
    "recall_macro": 0.48000000000000004,
    "f1_macro": 0.4574199903170336,
    "invalid_predictions": 0,
    "invalid_rate": 0.0,
    "confusion_matrix": [
      [
        138,
        362
      ],
      [
        158,
        342
      ]
    ],
    "true_negatives": 138,
    "false_positives": 362,
    "false_negatives": 158,
    "true_positives": 342,
    "avg_inference_time": 11.602594329357148,
    "total_inference_time": 11602.594329357147,
    "vram_usage_gb": 0.0
  }
}