{
  "model": "Qwen/Qwen2-7B-Instruct",
  "strategy": "zero_shot",
  "dataset": "fakebr",
  "sample_size": 1000,
  "timestamp": "2026-01-24T23:57:39.009140",
  "metrics": {
    "accuracy": 0.4,
    "precision": 0.08333333333333333,
    "recall": 0.02,
    "f1_score": 0.03225806451612903,
    "precision_macro": 0.26325757575757575,
    "recall_macro": 0.4,
    "f1_macro": 0.2987377279102384,
    "invalid_predictions": 0,
    "invalid_rate": 0.0,
    "confusion_matrix": [
      [
        390,
        110
      ],
      [
        490,
        10
      ]
    ],
    "true_negatives": 390,
    "false_positives": 110,
    "false_negatives": 490,
    "true_positives": 10,
    "avg_inference_time": 1.3440023593902588,
    "total_inference_time": 1344.0023593902588,
    "vram_usage_gb": 2.0
  }
}