{
  "model": "Qwen/Qwen2-7B-Instruct",
  "strategy": "zero_shot",
  "dataset": "fakerecogna",
  "sample_size": 1000,
  "timestamp": "2026-01-25T00:08:02.263943",
  "metrics": {
    "accuracy": 0.788,
    "precision": 0.9186046511627907,
    "recall": 0.632,
    "f1_score": 0.7488151658767772,
    "precision_macro": 0.819058423142371,
    "recall_macro": 0.788,
    "f1_macro": 0.7827120812082848,
    "invalid_predictions": 0,
    "invalid_rate": 0.0,
    "confusion_matrix": [
      [
        472,
        28
      ],
      [
        184,
        316
      ]
    ],
    "true_negatives": 472,
    "false_positives": 28,
    "false_negatives": 184,
    "true_positives": 316,
    "avg_inference_time": 0.6195612812042236,
    "total_inference_time": 619.5612812042236,
    "vram_usage_gb": 2.0
  }
}