{
  "model": "Qwen/Qwen2-7B-Instruct",
  "strategy": "few_shot",
  "dataset": "fakebr",
  "sample_size": 1000,
  "timestamp": "2026-01-25T10:57:08.915574",
  "metrics": {
    "accuracy": 0.361,
    "precision": 0.09826589595375723,
    "recall": 0.034,
    "f1_score": 0.05052005943536404,
    "precision_macro": 0.2571136009393937,
    "recall_macro": 0.361,
    "f1_macro": 0.28449137862499174,
    "invalid_predictions": 0,
    "invalid_rate": 0.0,
    "confusion_matrix": [
      [
        344,
        156
      ],
      [
        483,
        17
      ]
    ],
    "true_negatives": 344,
    "false_positives": 156,
    "false_negatives": 483,
    "true_positives": 17,
    "avg_inference_time": 1.423176134824753,
    "total_inference_time": 1423.1761348247528,
    "vram_usage_gb": 2.0
  }
}