{
  "model": "Qwen/Qwen2-1.5B-Instruct",
  "strategy": "few_shot",
  "dataset": "fakerecogna",
  "sample_size": 1000,
  "timestamp": "2026-01-22T03:14:18.373215",
  "metrics": {
    "accuracy": 0.531,
    "precision": 0.5162303664921466,
    "recall": 0.986,
    "f1_score": 0.6776632302405499,
    "precision_macro": 0.6803374054682956,
    "recall_macro": 0.531,
    "f1_macro": 0.40855638576247677,
    "invalid_predictions": 0,
    "invalid_rate": 0.0,
    "confusion_matrix": [
      [
        38,
        462
      ],
      [
        7,
        493
      ]
    ],
    "true_negatives": 38,
    "false_positives": 462,
    "false_negatives": 7,
    "true_positives": 493,
    "avg_inference_time": 16.240840139865874,
    "total_inference_time": 16240.840139865875,
    "vram_usage_gb": 0.0
  }
}