{
  "model": "Qwen/Qwen2-7B-Instruct",
  "strategy": "few_shot",
  "dataset": "fakerecogna",
  "sample_size": 1000,
  "timestamp": "2026-01-25T11:08:13.922455",
  "metrics": {
    "accuracy": 0.837,
    "precision": 0.8820861678004536,
    "recall": 0.778,
    "f1_score": 0.8267800212539851,
    "precision_macro": 0.841758647406488,
    "recall_macro": 0.837,
    "f1_macro": 0.836430614970713,
    "invalid_predictions": 0,
    "invalid_rate": 0.0,
    "confusion_matrix": [
      [
        448,
        52
      ],
      [
        111,
        389
      ]
    ],
    "true_negatives": 448,
    "false_positives": 52,
    "false_negatives": 111,
    "true_positives": 389,
    "avg_inference_time": 0.659771009683609,
    "total_inference_time": 659.771009683609,
    "vram_usage_gb": 2.0
  }
}